{"cameraMode":{"drawMode":0,"name":"Shaded","section":"Shading Mode"},"sceneLighting":true,"audioPlay":false,"sceneViewState":{"m_AlwaysRefresh":false,"showFog":true,"showSkybox":true,"showFlares":true,"showImageEffects":true,"showParticleSystems":true,"showVisualEffectGraphs":true,"m_FxEnabled":true},"in2DMode":false,"pivot":{"x":525.4352416992188,"y":330.7004699707031,"z":-222.40994262695313},"rotation":{"x":-0.03479078412055969,"y":0.026078563183546068,"z":-0.000907542125787586,"w":-0.999058187007904},"size":160.07598876953126,"orthographic":false}