{"cameraMode":{"drawMode":0,"name":"Shaded","section":"Shading Mode"},"sceneLighting":false,"audioPlay":false,"sceneViewState":{"m_AlwaysRefresh":false,"showFog":true,"showSkybox":false,"showFlares":true,"showImageEffects":true,"showParticleSystems":true,"showVisualEffectGraphs":true,"m_FxEnabled":true},"in2DMode":false,"pivot":{"x":0.3999999761581421,"y":-0.6230000257492065,"z":-0.44937342405319216},"rotation":{"x":-0.06765811145305634,"y":-0.6115738153457642,"z":0.05260862037539482,"w":-0.7865372896194458},"size":0.8660253882408142,"orthographic":false}